[{"id":35507300,"title":"Blog Template","order":1,"templateKey":"blog","customTemplate":false,"customTemplateFilename":null,"pageLinks":[],"dateCreated":"2024-12-10T16:12:59.292Z","dateUpdated":"2024-12-10T16:13:00.486Z","folderId":null,"pageName":"Blog Template","serverPageId":null,"sectionCount":1,"status":2,"backwardUrl":null},{"id":2903122464,"title":"Post Template","order":2,"templateKey":"post","customTemplate":false,"customTemplateFilename":null,"pageLinks":[],"dateCreated":"2024-12-10T16:12:59.444Z","dateUpdated":"2024-12-10T16:13:00.486Z","folderId":null,"pageName":"Post Template","serverPageId":null,"sectionCount":1,"status":2,"backwardUrl":null},{"id":767108973,"title":"Product List Template","order":3,"templateKey":"products","customTemplate":false,"customTemplateFilename":null,"pageLinks":[],"dateCreated":"2024-12-10T16:12:59.565Z","dateUpdated":"2024-12-10T16:13:00.486Z","folderId":null,"pageName":"Product List Template","serverPageId":null,"sectionCount":1,"status":2,"backwardUrl":null},{"id":579727356,"title":"Product Details Template","order":4,"templateKey":"product","customTemplate":false,"customTemplateFilename":null,"pageLinks":[],"dateCreated":"2024-12-10T16:12:59.675Z","dateUpdated":"2024-12-10T16:13:00.487Z","folderId":null,"pageName":"Product Details Template","serverPageId":null,"sectionCount":1,"status":2,"backwardUrl":null},{"id":29680229,"title":"Shopping Cart Template","order":5,"templateKey":"cart","customTemplate":false,"customTemplateFilename":null,"pageLinks":[],"dateCreated":"2024-12-10T16:12:59.769Z","dateUpdated":"2024-12-10T16:13:00.487Z","folderId":null,"pageName":"Shopping Cart Template","serverPageId":null,"sectionCount":1,"status":2,"backwardUrl":null},{"id":1335105967,"title":"Checkout Template","order":6,"templateKey":"checkout","customTemplate":false,"customTemplateFilename":null,"pageLinks":[],"dateCreated":"2024-12-10T16:12:59.889Z","dateUpdated":"2024-12-10T16:13:00.487Z","folderId":null,"pageName":"Checkout Template","serverPageId":null,"sectionCount":1,"status":2,"backwardUrl":null},{"id":1322419037,"title":"Login Template","order":7,"templateKey":"login","customTemplate":false,"customTemplateFilename":null,"pageLinks":[],"dateCreated":"2024-12-10T16:12:59.966Z","dateUpdated":"2024-12-10T16:13:00.487Z","folderId":null,"pageName":"Login Template","serverPageId":null,"sectionCount":1,"status":2,"backwardUrl":null},{"id":648617147,"title":"Search Page Template","order":8,"templateKey":"Search","customTemplate":false,"customTemplateFilename":null,"pageLinks":[],"dateCreated":"2024-12-10T16:13:00.023Z","dateUpdated":"2024-12-10T16:13:00.487Z","folderId":null,"pageName":"Search Page Template","serverPageId":null,"sectionCount":1,"status":2,"backwardUrl":null},{"id":376803746,"title":"Page Password Template","order":9,"templateKey":"password","customTemplate":false,"customTemplateFilename":null,"pageLinks":[],"dateCreated":"2024-12-10T16:13:00.084Z","dateUpdated":"2024-12-10T16:13:00.487Z","folderId":null,"pageName":"Page Password Template","serverPageId":null,"sectionCount":1,"status":2,"backwardUrl":null},{"id":96990429,"title":"404 Not Found Template","order":10,"templateKey":"404","customTemplate":false,"customTemplateFilename":null,"pageLinks":[],"dateCreated":"2024-12-10T16:13:00.136Z","dateUpdated":"2024-12-10T16:13:00.487Z","folderId":null,"pageName":"404 Not Found Template","serverPageId":null,"sectionCount":1,"status":2,"backwardUrl":null},{"id":234511729,"title":"Thank You Page Template","order":11,"templateKey":"ThankYou","customTemplate":false,"customTemplateFilename":null,"pageLinks":[],"dateCreated":"2024-12-10T16:13:00.183Z","dateUpdated":"2024-12-10T16:13:00.487Z","folderId":null,"pageName":"Thank You Page Template","serverPageId":null,"sectionCount":1,"status":2,"backwardUrl":null},{"id":2086305268,"title":"Главная","order":50,"templateKey":null,"customTemplate":false,"customTemplateFilename":null,"pageLinks":[],"dateCreated":"2024-12-10T16:13:00.847Z","dateUpdated":"2024-12-16T16:13:14.645Z","folderId":null,"pageName":"Главная_2086305268","serverPageId":null,"sectionCount":2,"status":2,"backwardUrl":null},{"id":80848389,"title":"Соцсети","order":100,"templateKey":null,"customTemplate":false,"customTemplateFilename":null,"pageLinks":[],"dateCreated":"2024-12-10T16:13:00.224Z","dateUpdated":"2024-12-10T18:04:21.833Z","folderId":null,"pageName":"Соцсети_80848389","serverPageId":null,"sectionCount":1,"status":2,"backwardUrl":null},{"id":392600499,"title":"Каталог","order":101,"templateKey":null,"customTemplate":false,"customTemplateFilename":null,"pageLinks":[],"dateCreated":"2024-12-10T16:13:00.259Z","dateUpdated":"2024-12-10T18:07:43.934Z","folderId":null,"pageName":"Каталог_392600499","serverPageId":null,"sectionCount":1,"status":2,"backwardUrl":null},{"id":2826108139,"title":"Википедия","order":102,"templateKey":null,"customTemplate":false,"customTemplateFilename":null,"pageLinks":[],"dateCreated":"2024-12-10T16:38:29.543Z","dateUpdated":"2024-12-15T17:20:17.002Z","folderId":null,"pageName":"Википедия_2826108139","serverPageId":null,"sectionCount":1,"status":2,"backwardUrl":null}]